Mode,TestName,Run,Recording,Io,Analysis,AnaHb,AnaExitCode,AnaLeak,AnaClose,AnaConcurrent,AnaResource,AnaSelWithoutPartner,AnaUnlock,AnaWait,AnaMixed,FuzzingAna,FuzzingMut,Rewrite,Replay,NumberReplay
Flow,TestGetFlagCompletion,0.24859,0.36787,0.00013,0.00011,0.00001,0.00000,0.00001,0.00000,0.00000,0.00003,0.00000,0.00000,0.00000,0.00000,0.00000,0.00000,0.00000,0.00006,0
GFuzz,TestGetFlagCompletion,0.26773,0.87850,0.00013,0.00000,0.00000,0.00000,0.00000,0.00000,0.00000,0.00000,0.00000,0.00000,0.00000,0.00000,0.00000,0.00000,0.00000,0.00000,0
GFuzzHB,TestGetFlagCompletion,0.23534,0.40296,0.00013,0.00012,0.00001,0.00000,0.00002,0.00000,0.00000,0.00003,0.00000,0.00000,0.00000,0.00000,0.00000,0.00000,0.00000,0.00006,0
GFuzzHBFlow,TestGetFlagCompletion,0.23756,0.38823,0.00016,0.00016,0.00001,0.00000,0.00002,0.00000,0.00000,0.00003,0.00000,0.00001,0.00000,0.00000,0.00000,0.00000,0.00000,0.00009,0
GoPie+,TestGetFlagCompletion,0.21490,0.35778,0.00015,0.00000,0.00000,0.00000,0.00000,0.00000,0.00000,0.00000,0.00000,0.00000,0.00000,0.00000,0.00000,0.00000,0.00000,0.00000,0
GoPie+,TestGetFlagCompletion,0.21490,0.37631,0.00018,0.00000,0.00000,0.00000,0.00000,0.00000,0.00000,0.00000,0.00000,0.00000,0.00000,0.00000,0.00000,0.00000,0.00000,0.00000,0
GoPie+,TestGetFlagCompletion,0.21490,0.37311,0.00021,0.00000,0.00000,0.00000,0.00000,0.00000,0.00000,0.00000,0.00000,0.00000,0.00000,0.00000,0.00000,0.00000,0.00000,0.00000,0
GoPie+,TestGetFlagCompletion,0.21490,0.36375,0.00016,0.00000,0.00000,0.00000,0.00000,0.00000,0.00000,0.00000,0.00000,0.00000,0.00000,0.00000,0.00000,0.00000,0.00000,0.00000,0
GoPie+,TestGetFlagCompletion,0.21490,0.84334,0.00001,0.00000,0.00000,0.00000,0.00000,0.00000,0.00000,0.00000,0.00000,0.00000,0.00000,0.00000,0.00000,0.00000,0.00000,0.00000,0
GoPie+,TestGetFlagCompletion,0.21490,0.87695,0.00032,0.00000,0.00000,0.00000,0.00000,0.00000,0.00000,0.00000,0.00000,0.00000,0.00000,0.00000,0.00000,0.00000,0.00000,0.00000,0
GoPie+,TestGetFlagCompletion,0.21490,0.78070,0.00000,0.00000,0.00000,0.00000,0.00000,0.00000,0.00000,0.00000,0.00000,0.00000,0.00000,0.00000,0.00000,0.00000,0.00000,0.00000,0
GoPie+,TestGetFlagCompletion,0.21490,0.90537,0.00012,0.00000,0.00000,0.00000,0.00000,0.00000,0.00000,0.00000,0.00000,0.00000,0.00000,0.00000,0.00000,0.00000,0.00000,0.00000,0
GoPie+,TestGetFlagCompletion,0.21490,0.78637,0.00001,0.00000,0.00000,0.00000,0.00000,0.00000,0.00000,0.00000,0.00000,0.00000,0.00000,0.00000,0.00000,0.00000,0.00000,0.00000,0
GoPie+,TestGetFlagCompletion,0.21490,0.87700,0.00015,0.00000,0.00000,0.00000,0.00000,0.00000,0.00000,0.00000,0.00000,0.00000,0.00000,0.00000,0.00000,0.00000,0.00000,0.00000,0
GoPie+,TestGetFlagCompletion,0.21490,0.78925,0.00001,0.00000,0.00000,0.00000,0.00000,0.00000,0.00000,0.00000,0.00000,0.00000,0.00000,0.00000,0.00000,0.00000,0.00000,0.00000,0
GoPie+,TestGetFlagCompletion,0.21490,0.85790,0.00017,0.00000,0.00000,0.00000,0.00000,0.00000,0.00000,0.00000,0.00000,0.00000,0.00000,0.00000,0.00000,0.00000,0.00000,0.00000,0
GoPie+,TestGetFlagCompletion,0.21490,660.74883,0.00028,0.00001,0.00000,0.00000,0.00001,0.00000,0.00000,0.00000,0.00000,0.00000,0.00000,0.00000,0.00000,0.00000,0.00000,0.00000,0
GoPie,TestGetFlagCompletion,0.23878,0.37048,0.00016,0.00000,0.00000,0.00000,0.00000,0.00000,0.00000,0.00000,0.00000,0.00000,0.00000,0.00000,0.00000,0.00000,0.00000,0.00000,0
GoPie,TestGetFlagCompletion,0.23878,0.87402,0.00017,0.00000,0.00000,0.00000,0.00000,0.00000,0.00000,0.00000,0.00000,0.00000,0.00000,0.00000,0.00000,0.00000,0.00000,0.00000,0
GoPie,TestGetFlagCompletion,0.23878,0.84662,0.00023,0.00000,0.00000,0.00000,0.00000,0.00000,0.00000,0.00000,0.00000,0.00000,0.00000,0.00000,0.00000,0.00000,0.00000,0.00000,0
GoPie,TestGetFlagCompletion,0.23878,70.83032,0.00001,0.00000,0.00000,0.00000,0.00000,0.00000,0.00000,0.00000,0.00000,0.00000,0.00000,0.00000,0.00000,0.00000,0.00000,0.00000,0
GoPieHB,TestGetFlagCompletion,0.31267,0.42533,0.00021,0.00025,0.00002,0.00000,0.00003,0.00000,0.00000,0.00005,0.00000,0.00001,0.00000,0.00000,0.00000,0.00000,0.00000,0.00011,0
GoPieHB,TestGetFlagCompletion,0.31267,0.46051,0.00035,0.00021,0.00002,0.00000,0.00003,0.00000,0.00000,0.00006,0.00000,0.00001,0.00000,0.00000,0.00000,0.00000,0.00000,0.00012,0
GoPieHB,TestGetFlagCompletion,0.31267,70.35833,0.00001,0.00000,0.00000,0.00000,0.00000,0.00000,0.00000,0.00000,0.00000,0.00000,0.00000,0.00000,0.00000,0.00000,0.00000,0.00000,0
