TestName,Run,Recording,Io,Analysis,AnaHb,AnaExitCode,AnaLeak,AnaClose,AnaConcurrent,AnaResource,AnaSelWithoutPartner,AnaUnlock,AnaWait,AnaMixed,FuzzingAna,FuzzingMut,Rewrite,Replay,NumberReplay
TestP01_PossibleSendOnClosed,0.20315,0.30108,0.00010,0.00001,0.00000,0.00001,0.00000,0.00000,0.00000,0.00000,0.00000,0.00000,0.00000,0.00000,0.00000,0.00000,0.00000,0.00000,0
TestP01_PossibleSendOnClosed,0.20315,0.31187,0.00008,0.00001,0.00000,0.00001,0.00000,0.00000,0.00000,0.00000,0.00000,0.00000,0.00000,0.00000,0.00000,0.00000,0.00000,0.00000,0
TestP01_PossibleSendOnClosed,0.20315,3.29111,0.00025,0.00001,0.00000,0.00001,0.00000,0.00000,0.00000,0.00000,0.00000,0.00000,0.00000,0.00000,0.00000,0.00000,0.00000,0.00000,0
TestP01_PossibleSendOnClosed,0.20315,0.27945,0.00027,0.00001,0.00000,0.00001,0.00000,0.00000,0.00000,0.00000,0.00000,0.00000,0.00000,0.00000,0.00000,0.00000,0.00000,0.00000,0
TestP01_PossibleSendOnClosed,0.20315,0.31539,0.00012,0.00001,0.00000,0.00001,0.00000,0.00000,0.00000,0.00000,0.00000,0.00000,0.00000,0.00000,0.00000,0.00000,0.00000,0.00000,0
TestP01_PossibleSendOnClosed,0.20315,0.32166,0.00007,0.00001,0.00000,0.00001,0.00000,0.00000,0.00000,0.00000,0.00000,0.00000,0.00000,0.00000,0.00000,0.00000,0.00000,0.00000,0
TestP01_PossibleSendOnClosed,0.20315,0.32981,0.00012,0.00001,0.00000,0.00001,0.00000,0.00000,0.00000,0.00000,0.00000,0.00000,0.00000,0.00000,0.00000,0.00000,0.00000,0.00000,0
TestP01_PossibleSendOnClosed,0.20315,0.36575,0.00011,0.00001,0.00000,0.00001,0.00000,0.00000,0.00000,0.00000,0.00000,0.00000,0.00000,0.00000,0.00000,0.00000,0.00000,0.00000,0
TestP01_PossibleSendOnClosed,0.20315,0.35575,0.00008,0.00001,0.00000,0.00001,0.00000,0.00000,0.00000,0.00000,0.00000,0.00000,0.00000,0.00000,0.00000,0.00000,0.00000,0.00000,0
TestP01_PossibleSendOnClosed,0.20315,0.36378,0.00019,0.00001,0.00000,0.00001,0.00000,0.00000,0.00000,0.00000,0.00000,0.00000,0.00000,0.00000,0.00000,0.00000,0.00000,0.00000,0
TestP01_PossibleSendOnClosed,0.20315,0.36362,0.00013,0.00001,0.00000,0.00001,0.00000,0.00000,0.00000,0.00000,0.00000,0.00000,0.00000,0.00000,0.00000,0.00000,0.00000,0.00000,0
TestP01_PossibleSendOnClosed,0.20315,0.34554,0.00011,0.00003,0.00000,0.00003,0.00000,0.00000,0.00000,0.00000,0.00000,0.00000,0.00000,0.00000,0.00000,0.00000,0.00000,0.00000,0
TestP01_PossibleSendOnClosed,0.20315,0.33444,0.00010,0.00001,0.00000,0.00001,0.00000,0.00000,0.00000,0.00000,0.00000,0.00000,0.00000,0.00000,0.00000,0.00000,0.00000,0.00000,0
TestP01_PossibleSendOnClosed,0.20315,0.35251,0.00012,0.00001,0.00000,0.00001,0.00000,0.00000,0.00000,0.00000,0.00000,0.00000,0.00000,0.00000,0.00000,0.00000,0.00000,0.00000,0
TestP01_PossibleSendOnClosed,0.20315,0.34100,0.00013,0.00001,0.00000,0.00001,0.00000,0.00000,0.00000,0.00000,0.00000,0.00000,0.00000,0.00000,0.00000,0.00000,0.00000,0.00000,0
TestP01_PossibleSendOnClosed,0.20315,0.34514,0.00011,0.00001,0.00000,0.00001,0.00000,0.00000,0.00000,0.00000,0.00000,0.00000,0.00000,0.00000,0.00000,0.00000,0.00000,0.00000,0
TestP01_PossibleSendOnClosed,0.20315,0.35088,0.00011,0.00001,0.00000,0.00001,0.00000,0.00000,0.00000,0.00000,0.00000,0.00000,0.00000,0.00000,0.00000,0.00000,0.00000,0.00000,0
TestP01_PossibleSendOnClosed,0.20315,0.36706,0.00013,0.00001,0.00000,0.00001,0.00000,0.00000,0.00000,0.00000,0.00000,0.00000,0.00000,0.00000,0.00000,0.00000,0.00000,0.00000,0
TestP01_PossibleSendOnClosed,0.20315,0.34177,0.00007,0.00001,0.00000,0.00001,0.00000,0.00000,0.00000,0.00000,0.00000,0.00000,0.00000,0.00000,0.00000,0.00000,0.00000,0.00000,0
TestP01_PossibleSendOnClosed,0.20315,0.35235,0.00014,0.00001,0.00000,0.00001,0.00000,0.00000,0.00000,0.00000,0.00000,0.00000,0.00000,0.00000,0.00000,0.00000,0.00000,0.00000,0
TestP01_PossibleSendOnClosed,0.20315,0.32673,0.00009,0.00001,0.00000,0.00001,0.00000,0.00000,0.00000,0.00000,0.00000,0.00000,0.00000,0.00000,0.00000,0.00000,0.00000,0.00000,0
TestP01_PossibleSendOnClosed,0.20315,0.34244,0.00013,0.00001,0.00000,0.00001,0.00000,0.00000,0.00000,0.00000,0.00000,0.00000,0.00000,0.00000,0.00000,0.00000,0.00000,0.00000,0
TestP01_PossibleSendOnClosed,0.20315,0.33458,0.00011,0.00001,0.00000,0.00001,0.00000,0.00000,0.00000,0.00000,0.00000,0.00000,0.00000,0.00000,0.00000,0.00000,0.00000,0.00000,0
TestP01_PossibleSendOnClosed,0.20315,0.32296,0.00011,0.00001,0.00000,0.00001,0.00000,0.00000,0.00000,0.00000,0.00000,0.00000,0.00000,0.00000,0.00000,0.00000,0.00000,0.00000,0
TestP01_PossibleSendOnClosed,0.20315,0.34659,0.00010,0.00001,0.00000,0.00001,0.00000,0.00000,0.00000,0.00000,0.00000,0.00000,0.00000,0.00000,0.00000,0.00000,0.00000,0.00000,0
TestP01_PossibleSendOnClosed,0.20315,0.36733,0.00013,0.00001,0.00000,0.00001,0.00000,0.00000,0.00000,0.00000,0.00000,0.00000,0.00000,0.00000,0.00000,0.00000,0.00000,0.00000,0
TestP01_PossibleSendOnClosed,0.20315,0.33763,0.00010,0.00001,0.00000,0.00001,0.00000,0.00000,0.00000,0.00000,0.00000,0.00000,0.00000,0.00000,0.00000,0.00000,0.00000,0.00000,0
TestP01_PossibleSendOnClosed,0.20315,0.35102,0.00008,0.00002,0.00000,0.00002,0.00000,0.00000,0.00000,0.00000,0.00000,0.00000,0.00000,0.00000,0.00000,0.00000,0.00000,0.00000,0
TestP01_PossibleSendOnClosed,0.20315,0.36552,0.00013,0.00001,0.00000,0.00001,0.00000,0.00000,0.00000,0.00000,0.00000,0.00000,0.00000,0.00000,0.00000,0.00000,0.00000,0.00000,0
TestP01_PossibleSendOnClosed,0.20315,0.33566,0.00013,0.00001,0.00000,0.00001,0.00000,0.00000,0.00000,0.00000,0.00000,0.00000,0.00000,0.00000,0.00000,0.00000,0.00000,0.00000,0
TestP01_PossibleSendOnClosed,0.20315,0.35938,0.00014,0.00001,0.00000,0.00001,0.00000,0.00000,0.00000,0.00000,0.00000,0.00000,0.00000,0.00000,0.00000,0.00000,0.00000,0.00000,0
TestP01_PossibleSendOnClosed,0.20315,0.36410,0.00017,0.00001,0.00000,0.00001,0.00000,0.00000,0.00000,0.00000,0.00000,0.00000,0.00000,0.00000,0.00000,0.00000,0.00000,0.00000,0
TestP01_PossibleSendOnClosed,0.20315,0.32891,0.00012,0.00001,0.00000,0.00001,0.00000,0.00000,0.00000,0.00000,0.00000,0.00000,0.00000,0.00000,0.00000,0.00000,0.00000,0.00000,0
TestP01_PossibleSendOnClosed,0.20315,0.34527,0.00015,0.00001,0.00000,0.00001,0.00000,0.00000,0.00000,0.00000,0.00000,0.00000,0.00000,0.00000,0.00000,0.00000,0.00000,0.00000,0
TestP01_PossibleSendOnClosed,0.20315,0.35052,0.00010,0.00001,0.00000,0.00001,0.00000,0.00000,0.00000,0.00000,0.00000,0.00000,0.00000,0.00000,0.00000,0.00000,0.00000,0.00000,0
TestP01_PossibleSendOnClosed,0.20315,0.33054,0.00010,0.00001,0.00000,0.00001,0.00000,0.00000,0.00000,0.00000,0.00000,0.00000,0.00000,0.00000,0.00000,0.00000,0.00000,0.00000,0
TestP01_PossibleSendOnClosed,0.20315,0.37446,0.00010,0.00001,0.00000,0.00001,0.00000,0.00000,0.00000,0.00000,0.00000,0.00000,0.00000,0.00000,0.00000,0.00000,0.00000,0.00000,0
TestP01_PossibleSendOnClosed,0.20315,0.32338,0.00008,0.00001,0.00000,0.00001,0.00000,0.00000,0.00000,0.00000,0.00000,0.00000,0.00000,0.00000,0.00000,0.00000,0.00000,0.00000,0
TestP01_PossibleSendOnClosed,0.20315,0.31349,0.00007,0.00001,0.00000,0.00001,0.00000,0.00000,0.00000,0.00000,0.00000,0.00000,0.00000,0.00000,0.00000,0.00000,0.00000,0.00000,0
TestP01_PossibleSendOnClosed,0.20315,0.33690,0.00011,0.00001,0.00000,0.00001,0.00000,0.00000,0.00000,0.00000,0.00000,0.00000,0.00000,0.00000,0.00000,0.00000,0.00000,0.00000,0
TestP01_PossibleSendOnClosed,0.20315,0.35111,0.00013,0.00001,0.00000,0.00001,0.00000,0.00000,0.00000,0.00000,0.00000,0.00000,0.00000,0.00000,0.00000,0.00000,0.00000,0.00000,0
TestP01_PossibleSendOnClosed,0.20315,0.33228,0.00034,0.00001,0.00000,0.00001,0.00000,0.00000,0.00000,0.00000,0.00000,0.00000,0.00000,0.00000,0.00000,0.00000,0.00000,0.00000,0
TestP01_PossibleSendOnClosed,0.20315,0.33709,0.00011,0.00002,0.00000,0.00002,0.00000,0.00000,0.00000,0.00000,0.00000,0.00000,0.00000,0.00000,0.00000,0.00000,0.00000,0.00000,0
TestP01_PossibleSendOnClosed,0.20315,0.33869,0.00020,0.00001,0.00000,0.00001,0.00000,0.00000,0.00000,0.00000,0.00000,0.00000,0.00000,0.00000,0.00000,0.00000,0.00000,0.00000,0
TestP01_PossibleSendOnClosed,0.20315,0.36052,0.00012,0.00001,0.00000,0.00001,0.00000,0.00000,0.00000,0.00000,0.00000,0.00000,0.00000,0.00000,0.00000,0.00000,0.00000,0.00000,0
TestP01_PossibleSendOnClosed,0.20315,0.33489,0.00009,0.00001,0.00000,0.00001,0.00000,0.00000,0.00000,0.00000,0.00000,0.00000,0.00000,0.00000,0.00000,0.00000,0.00000,0.00000,0
TestP01_PossibleSendOnClosed,0.20315,0.32388,0.00037,0.00001,0.00000,0.00001,0.00000,0.00000,0.00000,0.00000,0.00000,0.00000,0.00000,0.00000,0.00000,0.00000,0.00000,0.00000,0
TestP01_PossibleSendOnClosed,0.20315,0.35672,0.00013,0.00002,0.00000,0.00002,0.00000,0.00000,0.00000,0.00000,0.00000,0.00000,0.00000,0.00000,0.00000,0.00000,0.00000,0.00000,0
TestP01_PossibleSendOnClosed,0.20315,0.35224,0.00011,0.00001,0.00000,0.00001,0.00000,0.00000,0.00000,0.00000,0.00000,0.00000,0.00000,0.00000,0.00000,0.00000,0.00000,0.00000,0
TestP01_PossibleSendOnClosed,0.20315,0.34943,0.00032,0.00001,0.00000,0.00001,0.00000,0.00000,0.00000,0.00000,0.00000,0.00000,0.00000,0.00000,0.00000,0.00000,0.00000,0.00000,0
TestP01_PossibleSendOnClosed,0.20315,0.36285,0.00012,0.00001,0.00000,0.00001,0.00000,0.00000,0.00000,0.00000,0.00000,0.00000,0.00000,0.00000,0.00000,0.00000,0.00000,0.00000,0
TestP01_PossibleSendOnClosed,0.20315,0.33313,0.00012,0.00001,0.00000,0.00001,0.00000,0.00000,0.00000,0.00000,0.00000,0.00000,0.00000,0.00000,0.00000,0.00000,0.00000,0.00000,0
TestP01_PossibleSendOnClosed,0.20315,0.36843,0.00011,0.00001,0.00000,0.00001,0.00000,0.00000,0.00000,0.00000,0.00000,0.00000,0.00000,0.00000,0.00000,0.00000,0.00000,0.00000,0
TestP01_PossibleSendOnClosed,0.20315,0.33198,0.00012,0.00001,0.00000,0.00001,0.00000,0.00000,0.00000,0.00000,0.00000,0.00000,0.00000,0.00000,0.00000,0.00000,0.00000,0.00000,0
TestP01_PossibleSendOnClosed,0.20315,0.37411,0.00012,0.00001,0.00000,0.00001,0.00000,0.00000,0.00000,0.00000,0.00000,0.00000,0.00000,0.00000,0.00000,0.00000,0.00000,0.00000,0
TestP01_PossibleSendOnClosed,0.20315,0.36376,0.00015,0.00001,0.00000,0.00001,0.00000,0.00000,0.00000,0.00000,0.00000,0.00000,0.00000,0.00000,0.00000,0.00000,0.00000,0.00000,0
TestP01_PossibleSendOnClosed,0.20315,0.33299,0.00009,0.00001,0.00000,0.00001,0.00000,0.00000,0.00000,0.00000,0.00000,0.00000,0.00000,0.00000,0.00000,0.00000,0.00000,0.00000,0
TestP01_PossibleSendOnClosed,0.20315,0.36585,0.00008,0.00001,0.00000,0.00001,0.00000,0.00000,0.00000,0.00000,0.00000,0.00000,0.00000,0.00000,0.00000,0.00000,0.00000,0.00000,0
TestP01_PossibleSendOnClosed,0.20315,0.33440,0.00011,0.00001,0.00000,0.00001,0.00000,0.00000,0.00000,0.00000,0.00000,0.00000,0.00000,0.00000,0.00000,0.00000,0.00000,0.00000,0
TestP01_PossibleSendOnClosed,0.20315,0.37218,0.00016,0.00001,0.00000,0.00001,0.00000,0.00000,0.00000,0.00000,0.00000,0.00000,0.00000,0.00000,0.00000,0.00000,0.00000,0.00000,0
TestP01_PossibleSendOnClosed,0.20315,0.35011,0.00011,0.00001,0.00000,0.00001,0.00000,0.00000,0.00000,0.00000,0.00000,0.00000,0.00000,0.00000,0.00000,0.00000,0.00000,0.00000,0
TestP01_PossibleSendOnClosed,0.20315,0.35354,0.00010,0.00001,0.00000,0.00001,0.00000,0.00000,0.00000,0.00000,0.00000,0.00000,0.00000,0.00000,0.00000,0.00000,0.00000,0.00000,0
TestP01_PossibleSendOnClosed,0.20315,0.44177,0.00013,0.00001,0.00000,0.00001,0.00000,0.00000,0.00000,0.00000,0.00000,0.00000,0.00000,0.00000,0.00000,0.00000,0.00000,0.00000,0
TestP01_PossibleSendOnClosed,0.20315,0.44642,0.00012,0.00001,0.00000,0.00001,0.00000,0.00000,0.00000,0.00000,0.00000,0.00000,0.00000,0.00000,0.00000,0.00000,0.00000,0.00000,0
TestP01_PossibleSendOnClosed,0.20315,0.33555,0.00010,0.00001,0.00000,0.00001,0.00000,0.00000,0.00000,0.00000,0.00000,0.00000,0.00000,0.00000,0.00000,0.00000,0.00000,0.00000,0
TestP01_PossibleSendOnClosed,0.20315,0.33597,0.00010,0.00001,0.00000,0.00001,0.00000,0.00000,0.00000,0.00000,0.00000,0.00000,0.00000,0.00000,0.00000,0.00000,0.00000,0.00000,0
TestP01_PossibleSendOnClosed,0.20315,0.45360,0.00010,0.00001,0.00000,0.00001,0.00000,0.00000,0.00000,0.00000,0.00000,0.00000,0.00000,0.00000,0.00000,0.00000,0.00000,0.00000,0
TestP01_PossibleSendOnClosed,0.20315,0.35733,0.00013,0.00001,0.00000,0.00001,0.00000,0.00000,0.00000,0.00000,0.00000,0.00000,0.00000,0.00000,0.00000,0.00000,0.00000,0.00000,0
TestP01_PossibleSendOnClosed,0.20315,0.33048,0.00010,0.00001,0.00000,0.00001,0.00000,0.00000,0.00000,0.00000,0.00000,0.00000,0.00000,0.00000,0.00000,0.00000,0.00000,0.00000,0
TestP01_PossibleSendOnClosed,0.20315,0.32919,0.00045,0.00001,0.00000,0.00001,0.00000,0.00000,0.00000,0.00000,0.00000,0.00000,0.00000,0.00000,0.00000,0.00000,0.00000,0.00000,0
TestP01_PossibleSendOnClosed,0.20315,0.34348,0.00010,0.00001,0.00000,0.00001,0.00000,0.00000,0.00000,0.00000,0.00000,0.00000,0.00000,0.00000,0.00000,0.00000,0.00000,0.00000,0
TestP01_PossibleSendOnClosed,0.20315,0.34143,0.00010,0.00001,0.00000,0.00001,0.00000,0.00000,0.00000,0.00000,0.00000,0.00000,0.00000,0.00000,0.00000,0.00000,0.00000,0.00000,0
TestP01_PossibleSendOnClosed,0.20315,0.33320,0.00011,0.00001,0.00000,0.00001,0.00000,0.00000,0.00000,0.00000,0.00000,0.00000,0.00000,0.00000,0.00000,0.00000,0.00000,0.00000,0
TestP01_PossibleSendOnClosed,0.20315,0.34793,0.00009,0.00001,0.00000,0.00001,0.00000,0.00000,0.00000,0.00000,0.00000,0.00000,0.00000,0.00000,0.00000,0.00000,0.00000,0.00000,0
TestP01_PossibleSendOnClosed,0.20315,0.34483,0.00013,0.00001,0.00000,0.00001,0.00000,0.00000,0.00000,0.00000,0.00000,0.00000,0.00000,0.00000,0.00000,0.00000,0.00000,0.00000,0
TestP01_PossibleSendOnClosed,0.20315,0.34935,0.00011,0.00001,0.00000,0.00001,0.00000,0.00000,0.00000,0.00000,0.00000,0.00000,0.00000,0.00000,0.00000,0.00000,0.00000,0.00000,0
TestP01_PossibleSendOnClosed,0.20315,0.46234,0.00011,0.00001,0.00000,0.00001,0.00000,0.00000,0.00000,0.00000,0.00000,0.00000,0.00000,0.00000,0.00000,0.00000,0.00000,0.00000,0
TestP01_PossibleSendOnClosed,0.20315,0.34359,0.00013,0.00001,0.00000,0.00001,0.00000,0.00000,0.00000,0.00000,0.00000,0.00000,0.00000,0.00000,0.00000,0.00000,0.00000,0.00000,0
TestP01_PossibleSendOnClosed,0.20315,0.37695,0.00011,0.00001,0.00000,0.00001,0.00000,0.00000,0.00000,0.00000,0.00000,0.00000,0.00000,0.00000,0.00000,0.00000,0.00000,0.00000,0
TestP01_PossibleSendOnClosed,0.20315,0.33884,0.00015,0.00001,0.00000,0.00001,0.00000,0.00000,0.00000,0.00000,0.00000,0.00000,0.00000,0.00000,0.00000,0.00000,0.00000,0.00000,0
TestP01_PossibleSendOnClosed,0.20315,0.34584,0.00023,0.00001,0.00000,0.00001,0.00000,0.00000,0.00000,0.00000,0.00000,0.00000,0.00000,0.00000,0.00000,0.00000,0.00000,0.00000,0
TestP01_PossibleSendOnClosed,0.20315,0.33888,0.00013,0.00001,0.00000,0.00001,0.00000,0.00000,0.00000,0.00000,0.00000,0.00000,0.00000,0.00000,0.00000,0.00000,0.00000,0.00000,0
TestP01_PossibleSendOnClosed,0.20315,0.45510,0.00012,0.00001,0.00000,0.00001,0.00000,0.00000,0.00000,0.00000,0.00000,0.00000,0.00000,0.00000,0.00000,0.00000,0.00000,0.00000,0
TestP01_PossibleSendOnClosed,0.20315,0.33103,0.00012,0.00001,0.00000,0.00001,0.00000,0.00000,0.00000,0.00000,0.00000,0.00000,0.00000,0.00000,0.00000,0.00000,0.00000,0.00000,0
TestP01_PossibleSendOnClosed,0.20315,0.33383,0.00008,0.00001,0.00000,0.00001,0.00000,0.00000,0.00000,0.00000,0.00000,0.00000,0.00000,0.00000,0.00000,0.00000,0.00000,0.00000,0
TestP01_PossibleSendOnClosed,0.20315,0.34880,0.00014,0.00001,0.00000,0.00001,0.00000,0.00000,0.00000,0.00000,0.00000,0.00000,0.00000,0.00000,0.00000,0.00000,0.00000,0.00000,0
TestP01_PossibleSendOnClosed,0.20315,0.35272,0.00014,0.00001,0.00000,0.00001,0.00000,0.00000,0.00000,0.00000,0.00000,0.00000,0.00000,0.00000,0.00000,0.00000,0.00000,0.00000,0
TestP01_PossibleSendOnClosed,0.20315,0.45238,0.00009,0.00001,0.00000,0.00001,0.00000,0.00000,0.00000,0.00000,0.00000,0.00000,0.00000,0.00000,0.00000,0.00000,0.00000,0.00000,0
TestP01_PossibleSendOnClosed,0.20315,0.44757,0.00011,0.00001,0.00000,0.00001,0.00000,0.00000,0.00000,0.00000,0.00000,0.00000,0.00000,0.00000,0.00000,0.00000,0.00000,0.00000,0
TestP01_PossibleSendOnClosed,0.20315,0.31225,0.00007,0.00001,0.00000,0.00001,0.00000,0.00000,0.00000,0.00000,0.00000,0.00000,0.00000,0.00000,0.00000,0.00000,0.00000,0.00000,0
TestP01_PossibleSendOnClosed,0.20315,0.33427,0.00010,0.00001,0.00000,0.00001,0.00000,0.00000,0.00000,0.00000,0.00000,0.00000,0.00000,0.00000,0.00000,0.00000,0.00000,0.00000,0
TestP01_PossibleSendOnClosed,0.20315,0.36481,0.00010,0.00001,0.00000,0.00001,0.00000,0.00000,0.00000,0.00000,0.00000,0.00000,0.00000,0.00000,0.00000,0.00000,0.00000,0.00000,0
TestP01_PossibleSendOnClosed,0.20315,0.35207,0.00026,0.00001,0.00000,0.00001,0.00000,0.00000,0.00000,0.00000,0.00000,0.00000,0.00000,0.00000,0.00000,0.00000,0.00000,0.00000,0
TestP01_PossibleSendOnClosed,0.20315,0.41398,0.00011,0.00001,0.00000,0.00001,0.00000,0.00000,0.00000,0.00000,0.00000,0.00000,0.00000,0.00000,0.00000,0.00000,0.00000,0.00000,0
TestP01_PossibleSendOnClosed,0.20315,0.35415,0.00013,0.00001,0.00000,0.00001,0.00000,0.00000,0.00000,0.00000,0.00000,0.00000,0.00000,0.00000,0.00000,0.00000,0.00000,0.00000,0
TestP01_PossibleSendOnClosed,0.20315,0.38794,0.00015,0.00001,0.00000,0.00001,0.00000,0.00000,0.00000,0.00000,0.00000,0.00000,0.00000,0.00000,0.00000,0.00000,0.00000,0.00000,0
TestP01_PossibleSendOnClosed,0.20315,0.47398,0.00011,0.00001,0.00000,0.00001,0.00000,0.00000,0.00000,0.00000,0.00000,0.00000,0.00000,0.00000,0.00000,0.00000,0.00000,0.00000,0
TestP01_PossibleSendOnClosed,0.20315,0.39131,0.00010,0.00001,0.00000,0.00001,0.00000,0.00000,0.00000,0.00000,0.00000,0.00000,0.00000,0.00000,0.00000,0.00000,0.00000,0.00000,0
TestP01_PossibleSendOnClosed,0.20315,0.32940,0.00014,0.00001,0.00000,0.00001,0.00000,0.00000,0.00000,0.00000,0.00000,0.00000,0.00000,0.00000,0.00000,0.00000,0.00000,0.00000,0
TestP01_PossibleSendOnClosed,0.20315,0.35180,0.00038,0.00008,0.00000,0.00008,0.00000,0.00000,0.00000,0.00000,0.00000,0.00000,0.00000,0.00000,0.00000,0.00000,0.00000,0.00000,0
